Workbook
Name aporte: 'Simulador-investimento'!$C$16
Name patrimonio: 'Simulador-investimento'!$C$19
Name quantidade_anos: 'Simulador-investimento'!$C$17
Name rendimento_carteira: 'Simulador-investimento'!$C$12
Name salario: 'Simulador-investimento'!$C$11
Name sugestao_investimento: 'Simulador-investimento'!$C$13
Name taxa_mensal: 'Simulador-investimento'!$C$18

Sheet Simulador-investimento
B4: DIO INVEST
B10: CONFIGURAÇÕES | E10: PERFIL | F10: CONSERVADOR
B11: Salário | C11: 5000 | E11: VALOR A SER INVESTIDO POR MÊS | G11: =aporte -> 500
B12: Rendimento de carteira | C12: 0.006 | E12: TIPO DE FII | F12: Percentual Sugerido | G12: Valores
B13: Sugestão de investimento (30%) | C13: =C11*30% -> 1500 | E13: PAPEL | F13: =VLOOKUP($F$10&"-"&E13,'Tabela-apoio'!$A$2:$D$20,4,FALSE) -> 0.3 | G13: =F13*$G$11 -> 150
E14: TIJOLO | F14: =VLOOKUP($F$10&"-"&E14,'Tabela-apoio'!$A$2:$D$20,4,FALSE) -> 0.5 | G14: =F14*$G$11 -> 250
B15: INVESTIMENTO MENSAL | E15: HÍBRIDOS | F15: =VLOOKUP($F$10&"-"&E15,'Tabela-apoio'!$A$2:$D$20,4,FALSE) -> 0.1 | G15: =F15*$G$11 -> 50
B16: Quanto investir por mês? | C16: 500 | E16: FOFs | F16: =VLOOKUP($F$10&"-"&E16,'Tabela-apoio'!$A$2:$D$20,4,FALSE) -> 0.1 | G16: =F16*$G$11 -> 50
B17: Por quantos anos? | C17: 5 | E17: DESENVOLVIMENTOS | F17: =VLOOKUP($F$10&"-"&E17,'Tabela-apoio'!$A$2:$D$20,4,FALSE) -> 0 | G17: =F17*$G$11 -> 0
B18: Taxa de Rendimento mensal? | C18: 0.01079 | E18: HOTELARIAS | F18: =VLOOKUP($F$10&"-"&E18,'Tabela-apoio'!$A$2:$D$20,4,FALSE) -> 0 | G18: =F18*$G$11 -> 0
B19: Patrimonios acumulados? | C19: =FV(taxa_mensal,quantidade_anos*12,aporte*-1) -> 41888.457 | E19: TOTAL | G19: =SUM(G13:G18) -> 500
B20: Dividendos Mensais? | C20: =patrimonio*rendimento_carteira -> 251.33074
B22: CENÁRIOS | D22: DIVIDENDO
A23: 2 | B23: Quanto em 2 anos? | C23: =FV($C$18,$A23*12,$C$16*-1) -> 13613.814 | D23: =C23*rendimento_carteira -> 81.682882
A24: 5 | B24: Quanto em 5 anos? | C24: =FV($C$18,$A24*12,$C$16*-1) -> 41888.457 | D24: =C24*rendimento_carteira -> 251.33074
A25: 10 | B25: Quantos em 10 anos? | C25: =FV($C$18,$A25*12,$C$16*-1) -> 121642.11 | D25: =C25*rendimento_carteira -> 729.85264
A26: 20 | B26: Quantos em 20 anos? | C26: =FV($C$18,$A26*12,$C$16*-1) -> 562599.2 | D26: =C26*rendimento_carteira -> 3375.5952
A27: 30 | B27: Quantos em 30 anos? | C27: =FV($C$18,$A27*12,$C$16*-1) -> 2161084.8 | D27: =C27*rendimento_carteira -> 12966.509

Sheet Tabela-apoio
A2: chave | B2: PERFIL | C2: TIPOS DE FII | D2: %
A3: =$B$3&"-"&C3 -> CONSERVADOR-PAPEL | B3: CONSERVADOR | C3: PAPEL | D3: 0.3
A4: =$B$3&"-"&C4 -> CONSERVADOR-TIJOLO | B4: CONSERVADOR | C4: TIJOLO | D4: 0.5
A5: =$B$3&"-"&C5 -> CONSERVADOR-HÍBRIDOS | B5: CONSERVADOR | C5: HÍBRIDOS | D5: 0.1
A6: =$B$3&"-"&C6 -> CONSERVADOR-FOFs | B6: CONSERVADOR | C6: FOFs | D6: 0.1
A7: =$B$3&"-"&C7 -> CONSERVADOR-DESENVOLVIMENTOS | B7: CONSERVADOR | C7: DESENVOLVIMENTOS | D7: 0
A8: =$B$3&"-"&C8 -> CONSERVADOR-HOTELARIAS | B8: CONSERVADOR | C8: HOTELARIAS | D8: 0
A9: =$B$9&"-"&C9 -> MODERADO-PAPEL | B9: MODERADO | C9: PAPEL | D9: 0.32
A10: =$B$9&"-"&C10 -> MODERADO-TIJOLO | B10: MODERADO | C10: TIJOLO | D10: 0.35
A11: =$B$9&"-"&C11 -> MODERADO-HÍBRIDOS | B11: MODERADO | C11: HÍBRIDOS | D11: 0.08
A12: =$B$9&"-"&C12 -> MODERADO-FOFs | B12: MODERADO | C12: FOFs | D12: 0.05
A13: =$B$9&"-"&C13 -> MODERADO-DESENVOLVIMENTOS | B13: MODERADO | C13: DESENVOLVIMENTOS | D13: 0.1
A14: =$B$9&"-"&C14 -> MODERADO-HOTELARIAS | B14: MODERADO | C14: HOTELARIAS | D14: 0.1
A15: =$B$15&"-"&C15 -> AGRESSIVO-PAPEL | B15: AGRESSIVO | C15: PAPEL | D15: 0.5
A16: =$B$15&"-"&C16 -> AGRESSIVO-TIJOLO | B16: AGRESSIVO | C16: TIJOLO | D16: 0.1
A17: =$B$15&"-"&C17 -> AGRESSIVO-HÍBRIDOS | B17: AGRESSIVO | C17: HÍBRIDOS | D17: 0.05
A18: =$B$15&"-"&C18 -> AGRESSIVO-FOFs | B18: AGRESSIVO | C18: FOFs | D18: 0.05
A19: =$B$15&"-"&C19 -> AGRESSIVO-DESENVOLVIMENTOS | B19: AGRESSIVO | C19: DESENVOLVIMENTOS | D19: 0.2
A20: =$B$15&"-"&C20 -> AGRESSIVO-HOTELARIAS | B20: AGRESSIVO | C20: HOTELARIAS | D20: 0.1
